atraccion_1,atraccion_2,metros
Angkor,Armadillos,750.0
Angkor,Buffalo Rodeo,800.0
Angkor,Canoes,290.0
Angkor,Carousel,1100.0
Angkor,Cobra imperial,550.0
Angkor,Coco Piloto,240.0
Angkor,Crazy Barrels,750.0
Angkor,Dragon Khan,450.0
Angkor,El Diablo - Tren De La Mina,750.0
Angkor,El Huerto Encantado,170.0
Angkor,El Salto de Blas,240.0
Angkor,El Secreto de los Mayas,750.0
Angkor,El Árbol Mágico,190.0
Angkor,Estació del Nord,600.0
Angkor,Furius Baco,650.0
Angkor,Grand Canyon Rapids,700.0
Angkor,Hurakan Condor,850.0
Angkor,Kiddie Balloons,700.0
Angkor,Kiddie Dragons,130.0
Angkor,Kiddie Kities,700.0
Angkor,Kontiki,300.0
Angkor,La Granja de Elmo,270.0
Angkor,Laberinto Blacksmith,1100.0
Angkor,Los Potrillos,750.0
Angkor,Magic Fish,190.0
Angkor,Makamanu Summit,1000.0
Angkor,Makamanu Trail,400.0
Angkor,Mariposas Saltarinas,240.0
Angkor,Penitence Station,1000.0
Angkor,Serpiente Emplumada,850.0
Angkor,Shambhala,300.0
Angkor,Silver River Flume,900.0
Angkor,Stampida,1200.0
Angkor,Street Mission,110.0
Angkor,SésamoAventura Station,130.0
Angkor,Tami - Tami,290.0
Angkor,Tea Cups,550.0
Angkor,Templo del Fuego,800.0
Angkor,Tomahawk,1000.0
Angkor,Tutuki Splash,450.0
Angkor,ULUM: El despertar jurásico,1000.0
Angkor,Uncharted,1100.0
Angkor,VolPaiute,1000.0
Angkor,Waikiki,130.0
Angkor,Wild Buffalos,750.0
Angkor,Yucatán,1000.0
Armadillos,Buffalo Rodeo,700.0
Armadillos,Canoes,800.0
Armadillos,Carousel,450.0
Armadillos,Cobra imperial,500.0
Armadillos,Coco Piloto,800.0
Armadillos,Crazy Barrels,750.0
Armadillos,Dragon Khan,280.0
Armadillos,El Diablo - Tren De La Mina,0.0
Armadillos,El Huerto Encantado,700.0
Armadillos,El Salto de Blas,800.0
Armadillos,El Secreto de los Mayas,58.0
Armadillos,El Árbol Mágico,750.0
Armadillos,Estació del Nord,1000.0
Armadillos,Furius Baco,1100.0
Armadillos,Grand Canyon Rapids,850.0
Armadillos,Hurakan Condor,150.0
Armadillos,Kiddie Balloons,450.0
Armadillos,Kiddie Dragons,650.0
Armadillos,Kiddie Kities,450.0
Armadillos,Kontiki,800.0
Armadillos,La Granja de Elmo,800.0
Armadillos,Laberinto Blacksmith,400.0
Armadillos,Los Potrillos,0.0
Armadillos,Magic Fish,750.0
Armadillos,Makamanu Summit,1400.0
Armadillos,Makamanu Trail,800.0
Armadillos,Mariposas Saltarinas,800.0
Armadillos,Penitence Station,500.0
Armadillos,Serpiente Emplumada,190.0
Armadillos,Shambhala,400.0
Armadillos,Silver River Flume,600.0
Armadillos,Stampida,500.0
Armadillos,Street Mission,650.0
Armadillos,SésamoAventura Station,650.0
Armadillos,Tami - Tami,800.0
Armadillos,Tea Cups,500.0
Armadillos,Templo del Fuego,140.0
Armadillos,Tomahawk,350.0
Armadillos,Tutuki Splash,1000.0
Armadillos,ULUM: El despertar jurásico,1400.0
Armadillos,Uncharted,450.0
Armadillos,VolPaiute,300.0
Armadillos,Waikiki,650.0
Armadillos,Wild Buffalos,750.0
Armadillos,Yucatán,1400.0
Buffalo Rodeo,Canoes,500.0
Buffalo Rodeo,Carousel,350.0
Buffalo Rodeo,Cobra imperial,800.0
Buffalo Rodeo,Coco Piloto,550.0
Buffalo Rodeo,Crazy Barrels,33.0
Buffalo Rodeo,Dragon Khan,950.0
Buffalo Rodeo,El Diablo - Tren De La Mina,700.0
Buffalo Rodeo,El Huerto Encantado,650.0
Buffalo Rodeo,El Salto de Blas,550.0
Buffalo Rodeo,El Secreto de los Mayas,700.0
Buffalo Rodeo,El Árbol Mágico,600.0
Buffalo Rodeo,Estació del Nord,290.0
Buffalo Rodeo,Furius Baco,350.0
Buffalo Rodeo,Grand Canyon Rapids,120.0
Buffalo Rodeo,Hurakan Condor,600.0
Buffalo Rodeo,Kiddie Balloons,950.0
Buffalo Rodeo,Kiddie Dragons,650.0
Buffalo Rodeo,Kiddie Kities,950.0
Buffalo Rodeo,Kontiki,550.0
Buffalo Rodeo,La Granja de Elmo,550.0
Buffalo Rodeo,Laberinto Blacksmith,350.0
Buffalo Rodeo,Los Potrillos,700.0
Buffalo Rodeo,Magic Fish,600.0
Buffalo Rodeo,Makamanu Summit,650.0
Buffalo Rodeo,Makamanu Trail,650.0
Buffalo Rodeo,Mariposas Saltarinas,550.0
Buffalo Rodeo,Penitence Station,200.0
Buffalo Rodeo,Serpiente Emplumada,550.0
Buffalo Rodeo,Shambhala,900.0
Buffalo Rodeo,Silver River Flume,100.0
Buffalo Rodeo,Stampida,450.0
Buffalo Rodeo,Street Mission,700.0
Buffalo Rodeo,SésamoAventura Station,650.0
Buffalo Rodeo,Tami - Tami,600.0
Buffalo Rodeo,Tea Cups,800.0
Buffalo Rodeo,Templo del Fuego,600.0
Buffalo Rodeo,Tomahawk,450.0
Buffalo Rodeo,Tutuki Splash,400.0
Buffalo Rodeo,ULUM: El despertar jurásico,650.0
Buffalo Rodeo,Uncharted,350.0
Buffalo Rodeo,VolPaiute,400.0
Buffalo Rodeo,Waikiki,650.0
Buffalo Rodeo,Wild Buffalos,22.0
Buffalo Rodeo,Yucatán,650.0
Canoes,Carousel,850.0
Canoes,Cobra imperial,300.0
Canoes,Coco Piloto,45.0
Canoes,Crazy Barrels,500.0
Canoes,Dragon Khan,550.0
Canoes,El Diablo - Tren De La Mina,800.0
Canoes,El Huerto Encantado,120.0
Canoes,El Salto de Blas,48.0
Canoes,El Secreto de los Mayas,800.0
Canoes,El Árbol Mágico,68.0
Canoes,Estació del Nord,300.0
Canoes,Furius Baco,400.0
Canoes,Grand Canyon Rapids,400.0
Canoes,Hurakan Condor,900.0
Canoes,Kiddie Balloons,450.0
Canoes,Kiddie Dragons,160.0
Canoes,Kiddie Kities,450.0
Canoes,Kontiki,14.0
Canoes,La Granja de Elmo,63.0
Canoes,Laberinto Blacksmith,900.0
Canoes,Los Potrillos,800.0
Canoes,Magic Fish,110.0
Canoes,Makamanu Summit,700.0
Canoes,Makamanu Trail,140.0
Canoes,Mariposas Saltarinas,45.0
Canoes,Penitence Station,700.0
Canoes,Serpiente Emplumada,950.0
Canoes,Shambhala,400.0
Canoes,Silver River Flume,600.0
Canoes,Stampida,1000.0
Canoes,Street Mission,180.0
Canoes,SésamoAventura Station,160.0
Canoes,Tami - Tami,86.0
Canoes,Tea Cups,300.0
Canoes,Templo del Fuego,900.0
Canoes,Tomahawk,1000.0
Canoes,Tutuki Splash,180.0
Canoes,ULUM: El despertar jurásico,700.0
Canoes,Uncharted,850.0
Canoes,VolPaiute,950.0
Canoes,Waikiki,160.0
Canoes,Wild Buffalos,500.0
Canoes,Yucatán,700.0
Carousel,Cobra imperial,900.0
Carousel,Coco Piloto,900.0
Carousel,Crazy Barrels,350.0
Carousel,Dragon Khan,650.0
Carousel,El Diablo - Tren De La Mina,450.0
Carousel,El Huerto Encantado,1000.0
Carousel,El Salto de Blas,900.0
Carousel,El Secreto de los Mayas,400.0
Carousel,El Árbol Mágico,900.0
Carousel,Estació del Nord,650.0
Carousel,Furius Baco,700.0
Carousel,Grand Canyon Rapids,450.0
Carousel,Hurakan Condor,350.0
Carousel,Kiddie Balloons,350.0
Carousel,Kiddie Dragons,1000.0
Carousel,Kiddie Kities,850.0
Carousel,Kontiki,850.0
Carousel,La Granja de Elmo,900.0
Carousel,Laberinto Blacksmith,80.0
Carousel,Los Potrillos,450.0
Carousel,Magic Fish,950.0
Carousel,Makamanu Summit,1000.0
Carousel,Makamanu Trail,1000.0
Carousel,Mariposas Saltarinas,900.0
Carousel,Penitence Station,130.0
Carousel,Serpiente Emplumada,240.0
Carousel,Shambhala,800.0
Carousel,Silver River Flume,230.0
Carousel,Stampida,130.0
Carousel,Street Mission,1000.0
Carousel,SésamoAventura Station,1000.0
Carousel,Tami - Tami,950.0
Carousel,Tea Cups,850.0
Carousel,Templo del Fuego,300.0
Carousel,Tomahawk,160.0
Carousel,Tutuki Splash,700.0
Carousel,ULUM: El despertar jurásico,1000.0
Carousel,Uncharted,49.0
Carousel,VolPaiute,130.0
Carousel,Waikiki,1000.0
Carousel,Wild Buffalos,350.0
Carousel,Yucatán,1000.0
Cobra imperial,Coco Piloto,350.0
Cobra imperial,Crazy Barrels,800.0
Cobra imperial,Dragon Khan,300.0
Cobra imperial,El Diablo - Tren De La Mina,550.0
Cobra imperial,El Huerto Encantado,400.0
Cobra imperial,El Salto de Blas,350.0
Cobra imperial,El Secreto de los Mayas,500.0
Cobra imperial,El Árbol Mágico,350.0
Cobra imperial,Estació del Nord,600.0
Cobra imperial,Furius Baco,700.0
Cobra imperial,Grand Canyon Rapids,700.0
Cobra imperial,Hurakan Condor,600.0
Cobra imperial,Kiddie Balloons,150.0
Cobra imperial,Kiddie Dragons,450.0
Cobra imperial,Kiddie Kities,150.0
Cobra imperial,Kontiki,280.0
Cobra imperial,La Granja de Elmo,300.0
Cobra imperial,Laberinto Blacksmith,850.0
Cobra imperial,Los Potrillos,500.0
Cobra imperial,Magic Fish,400.0
Cobra imperial,Makamanu Summit,1000.0
Cobra imperial,Makamanu Trail,300.0
Cobra imperial,Mariposas Saltarinas,350.0
Cobra imperial,Penitence Station,1000.0
Cobra imperial,Serpiente Emplumada,650.0
Cobra imperial,Shambhala,450.0
Cobra imperial,Silver River Flume,900.0
Cobra imperial,Stampida,1000.0
Cobra imperial,Street Mission,450.0
Cobra imperial,SésamoAventura Station,450.0
Cobra imperial,Tami - Tami,290.0
Cobra imperial,Tea Cups,21.0
Cobra imperial,Templo del Fuego,600.0
Cobra imperial,Tomahawk,800.0
Cobra imperial,Tutuki Splash,500.0
Cobra imperial,ULUM: El despertar jurásico,1000.0
Cobra imperial,Uncharted,950.0
Cobra imperial,VolPaiute,800.0
Cobra imperial,Waikiki,450.0
Cobra imperial,Wild Buffalos,800.0
Cobra imperial,Yucatán,1000.0
Coco Piloto,Crazy Barrels,500.0
Coco Piloto,Dragon Khan,500.0
Coco Piloto,El Diablo - Tren De La Mina,800.0
Coco Piloto,El Huerto Encantado,74.0
Coco Piloto,El Salto de Blas,2.0
Coco Piloto,El Secreto de los Mayas,800.0
Coco Piloto,El Árbol Mágico,23.0
Coco Piloto,Estació del Nord,350.0
Coco Piloto,Furius Baco,400.0
Coco Piloto,Grand Canyon Rapids,450.0
Coco Piloto,Hurakan Condor,900.0
Coco Piloto,Kiddie Balloons,450.0
Coco Piloto,Kiddie Dragons,110.0
Coco Piloto,Kiddie Kities,450.0
Coco Piloto,Kontiki,58.0
Coco Piloto,La Granja de Elmo,25.0
Coco Piloto,Laberinto Blacksmith,900.0
Coco Piloto,Los Potrillos,800.0
Coco Piloto,Magic Fish,59.0
Coco Piloto,Makamanu Summit,700.0
Coco Piloto,Makamanu Trail,180.0
Coco Piloto,Mariposas Saltarinas,0.0
Coco Piloto,Penitence Station,750.0
Coco Piloto,Serpiente Emplumada,900.0
Coco Piloto,Shambhala,350.0
Coco Piloto,Silver River Flume,650.0
Coco Piloto,Stampida,1000.0
Coco Piloto,Street Mission,130.0
Coco Piloto,SésamoAventura Station,110.0
Coco Piloto,Tami - Tami,48.0
Coco Piloto,Tea Cups,350.0
Coco Piloto,Templo del Fuego,850.0
Coco Piloto,Tomahawk,1000.0
Coco Piloto,Tutuki Splash,220.0
Coco Piloto,ULUM: El despertar jurásico,700.0
Coco Piloto,Uncharted,900.0
Coco Piloto,VolPaiute,1000.0
Coco Piloto,Waikiki,110.0
Coco Piloto,Wild Buffalos,550.0
Coco Piloto,Yucatán,700.0
Crazy Barrels,Dragon Khan,1000.0
Crazy Barrels,El Diablo - Tren De La Mina,750.0
Crazy Barrels,El Huerto Encantado,600.0
Crazy Barrels,El Salto de Blas,500.0
Crazy Barrels,El Secreto de los Mayas,750.0
Crazy Barrels,El Árbol Mágico,550.0
Crazy Barrels,Estació del Nord,260.0
Crazy Barrels,Furius Baco,350.0
Crazy Barrels,Grand Canyon Rapids,86.0
Crazy Barrels,Hurakan Condor,650.0
Crazy Barrels,Kiddie Balloons,900.0
Crazy Barrels,Kiddie Dragons,650.0
Crazy Barrels,Kiddie Kities,900.0
Crazy Barrels,Kontiki,500.0
Crazy Barrels,La Granja de Elmo,550.0
Crazy Barrels,Laberinto Blacksmith,400.0
Crazy Barrels,Los Potrillos,750.0
Crazy Barrels,Magic Fish,600.0
Crazy Barrels,Makamanu Summit,650.0
Crazy Barrels,Makamanu Trail,600.0
Crazy Barrels,Mariposas Saltarinas,500.0
Crazy Barrels,Penitence Station,240.0
Crazy Barrels,Serpiente Emplumada,550.0
Crazy Barrels,Shambhala,900.0
Crazy Barrels,Silver River Flume,130.0
Crazy Barrels,Stampida,500.0
Crazy Barrels,Street Mission,650.0
Crazy Barrels,SésamoAventura Station,650.0
Crazy Barrels,Tami - Tami,550.0
Crazy Barrels,Tea Cups,800.0
Crazy Barrels,Templo del Fuego,650.0
Crazy Barrels,Tomahawk,500.0
Crazy Barrels,Tutuki Splash,350.0
Crazy Barrels,ULUM: El despertar jurásico,650.0
Crazy Barrels,Uncharted,350.0
Crazy Barrels,VolPaiute,450.0
Crazy Barrels,Waikiki,650.0
Crazy Barrels,Wild Buffalos,11.0
Crazy Barrels,Yucatán,650.0
Dragon Khan,El Diablo - Tren De La Mina,280.0
Dragon Khan,El Huerto Encantado,450.0
Dragon Khan,El Salto de Blas,500.0
Dragon Khan,El Secreto de los Mayas,290.0
Dragon Khan,El Árbol Mágico,450.0
Dragon Khan,Estació del Nord,850.0
Dragon Khan,Furius Baco,
Dragon Khan,Grand Canyon Rapids,
Dragon Khan,Hurakan Condor,
Dragon Khan,Kiddie Balloons,
Dragon Khan,Kiddie Dragons,
Dragon Khan,Kiddie Kities,
Dragon Khan,Kontiki,
Dragon Khan,La Granja de Elmo,
Dragon Khan,Laberinto Blacksmith,
Dragon Khan,Los Potrillos,
Dragon Khan,Magic Fish,
Dragon Khan,Makamanu Summit,
Dragon Khan,Makamanu Trail,
Dragon Khan,Mariposas Saltarinas,
Dragon Khan,Penitence Station,
Dragon Khan,Serpiente Emplumada,
Dragon Khan,Shambhala,
Dragon Khan,Silver River Flume,
Dragon Khan,Stampida,
Dragon Khan,Street Mission,
Dragon Khan,SésamoAventura Station,
Dragon Khan,Tami - Tami,
Dragon Khan,Tea Cups,
Dragon Khan,Templo del Fuego,
Dragon Khan,Tomahawk,
Dragon Khan,Tutuki Splash,
Dragon Khan,ULUM: El despertar jurásico,
Dragon Khan,Uncharted,
Dragon Khan,VolPaiute,
Dragon Khan,Waikiki,
Dragon Khan,Wild Buffalos,
Dragon Khan,Yucatán,
El Diablo - Tren De La Mina,El Huerto Encantado,
El Diablo - Tren De La Mina,El Salto de Blas,
El Diablo - Tren De La Mina,El Secreto de los Mayas,
El Diablo - Tren De La Mina,El Árbol Mágico,
El Diablo - Tren De La Mina,Estació del Nord,
El Diablo - Tren De La Mina,Furius Baco,
El Diablo - Tren De La Mina,Grand Canyon Rapids,
El Diablo - Tren De La Mina,Hurakan Condor,
El Diablo - Tren De La Mina,Kiddie Balloons,
El Diablo - Tren De La Mina,Kiddie Dragons,
El Diablo - Tren De La Mina,Kiddie Kities,
El Diablo - Tren De La Mina,Kontiki,
El Diablo - Tren De La Mina,La Granja de Elmo,
El Diablo - Tren De La Mina,Laberinto Blacksmith,
El Diablo - Tren De La Mina,Los Potrillos,
El Diablo - Tren De La Mina,Magic Fish,
El Diablo - Tren De La Mina,Makamanu Summit,
El Diablo - Tren De La Mina,Makamanu Trail,
El Diablo - Tren De La Mina,Mariposas Saltarinas,
El Diablo - Tren De La Mina,Penitence Station,
El Diablo - Tren De La Mina,Serpiente Emplumada,
El Diablo - Tren De La Mina,Shambhala,
El Diablo - Tren De La Mina,Silver River Flume,
El Diablo - Tren De La Mina,Stampida,
El Diablo - Tren De La Mina,Street Mission,
El Diablo - Tren De La Mina,SésamoAventura Station,
El Diablo - Tren De La Mina,Tami - Tami,
El Diablo - Tren De La Mina,Tea Cups,
El Diablo - Tren De La Mina,Templo del Fuego,
El Diablo - Tren De La Mina,Tomahawk,
El Diablo - Tren De La Mina,Tutuki Splash,
El Diablo - Tren De La Mina,ULUM: El despertar jurásico,
El Diablo - Tren De La Mina,Uncharted,
El Diablo - Tren De La Mina,VolPaiute,
El Diablo - Tren De La Mina,Waikiki,
El Diablo - Tren De La Mina,Wild Buffalos,
El Diablo - Tren De La Mina,Yucatán,
El Huerto Encantado,El Salto de Blas,
El Huerto Encantado,El Secreto de los Mayas,
El Huerto Encantado,El Árbol Mágico,
El Huerto Encantado,Estació del Nord,
El Huerto Encantado,Furius Baco,
El Huerto Encantado,Grand Canyon Rapids,
El Huerto Encantado,Hurakan Condor,
El Huerto Encantado,Kiddie Balloons,
El Huerto Encantado,Kiddie Dragons,
El Huerto Encantado,Kiddie Kities,
El Huerto Encantado,Kontiki,
El Huerto Encantado,La Granja de Elmo,
El Huerto Encantado,Laberinto Blacksmith,
El Huerto Encantado,Los Potrillos,
El Huerto Encantado,Magic Fish,
El Huerto Encantado,Makamanu Summit,
El Huerto Encantado,Makamanu Trail,
El Huerto Encantado,Mariposas Saltarinas,
El Huerto Encantado,Penitence Station,
El Huerto Encantado,Serpiente Emplumada,
El Huerto Encantado,Shambhala,
El Huerto Encantado,Silver River Flume,
El Huerto Encantado,Stampida,
El Huerto Encantado,Street Mission,
El Huerto Encantado,SésamoAventura Station,
El Huerto Encantado,Tami - Tami,
El Huerto Encantado,Tea Cups,
El Huerto Encantado,Templo del Fuego,
El Huerto Encantado,Tomahawk,
El Huerto Encantado,Tutuki Splash,
El Huerto Encantado,ULUM: El despertar jurásico,
El Huerto Encantado,Uncharted,
El Huerto Encantado,VolPaiute,
El Huerto Encantado,Waikiki,
El Huerto Encantado,Wild Buffalos,
El Huerto Encantado,Yucatán,
El Salto de Blas,El Secreto de los Mayas,
El Salto de Blas,El Árbol Mágico,
El Salto de Blas,Estació del Nord,
El Salto de Blas,Furius Baco,
El Salto de Blas,Grand Canyon Rapids,
El Salto de Blas,Hurakan Condor,
El Salto de Blas,Kiddie Balloons,
El Salto de Blas,Kiddie Dragons,
El Salto de Blas,Kiddie Kities,
El Salto de Blas,Kontiki,
El Salto de Blas,La Granja de Elmo,
El Salto de Blas,Laberinto Blacksmith,
El Salto de Blas,Los Potrillos,
El Salto de Blas,Magic Fish,
El Salto de Blas,Makamanu Summit,
El Salto de Blas,Makamanu Trail,
El Salto de Blas,Mariposas Saltarinas,
El Salto de Blas,Penitence Station,
El Salto de Blas,Serpiente Emplumada,
El Salto de Blas,Shambhala,
El Salto de Blas,Silver River Flume,
El Salto de Blas,Stampida,
El Salto de Blas,Street Mission,
El Salto de Blas,SésamoAventura Station,
El Salto de Blas,Tami - Tami,
El Salto de Blas,Tea Cups,
El Salto de Blas,Templo del Fuego,
El Salto de Blas,Tomahawk,
El Salto de Blas,Tutuki Splash,
El Salto de Blas,ULUM: El despertar jurásico,
El Salto de Blas,Uncharted,
El Salto de Blas,VolPaiute,
El Salto de Blas,Waikiki,
El Salto de Blas,Wild Buffalos,
El Salto de Blas,Yucatán,
El Secreto de los Mayas,El Árbol Mágico,
El Secreto de los Mayas,Estació del Nord,
El Secreto de los Mayas,Furius Baco,
El Secreto de los Mayas,Grand Canyon Rapids,
El Secreto de los Mayas,Hurakan Condor,
El Secreto de los Mayas,Kiddie Balloons,
El Secreto de los Mayas,Kiddie Dragons,
El Secreto de los Mayas,Kiddie Kities,
El Secreto de los Mayas,Kontiki,
El Secreto de los Mayas,La Granja de Elmo,
El Secreto de los Mayas,Laberinto Blacksmith,
El Secreto de los Mayas,Los Potrillos,
El Secreto de los Mayas,Magic Fish,
El Secreto de los Mayas,Makamanu Summit,
El Secreto de los Mayas,Makamanu Trail,
El Secreto de los Mayas,Mariposas Saltarinas,
El Secreto de los Mayas,Penitence Station,
El Secreto de los Mayas,Serpiente Emplumada,
El Secreto de los Mayas,Shambhala,
El Secreto de los Mayas,Silver River Flume,
El Secreto de los Mayas,Stampida,
El Secreto de los Mayas,Street Mission,
El Secreto de los Mayas,SésamoAventura Station,
El Secreto de los Mayas,Tami - Tami,
El Secreto de los Mayas,Tea Cups,
El Secreto de los Mayas,Templo del Fuego,
El Secreto de los Mayas,Tomahawk,
El Secreto de los Mayas,Tutuki Splash,
El Secreto de los Mayas,ULUM: El despertar jurásico,
El Secreto de los Mayas,Uncharted,
El Secreto de los Mayas,VolPaiute,
El Secreto de los Mayas,Waikiki,
El Secreto de los Mayas,Wild Buffalos,
El Secreto de los Mayas,Yucatán,
El Árbol Mágico,Estació del Nord,
El Árbol Mágico,Furius Baco,
El Árbol Mágico,Grand Canyon Rapids,
El Árbol Mágico,Hurakan Condor,
El Árbol Mágico,Kiddie Balloons,
El Árbol Mágico,Kiddie Dragons,
El Árbol Mágico,Kiddie Kities,
El Árbol Mágico,Kontiki,
El Árbol Mágico,La Granja de Elmo,
El Árbol Mágico,Laberinto Blacksmith,
El Árbol Mágico,Los Potrillos,
El Árbol Mágico,Magic Fish,
El Árbol Mágico,Makamanu Summit,
El Árbol Mágico,Makamanu Trail,
El Árbol Mágico,Mariposas Saltarinas,
El Árbol Mágico,Penitence Station,
El Árbol Mágico,Serpiente Emplumada,
El Árbol Mágico,Shambhala,
El Árbol Mágico,Silver River Flume,
El Árbol Mágico,Stampida,
El Árbol Mágico,Street Mission,
El Árbol Mágico,SésamoAventura Station,
El Árbol Mágico,Tami - Tami,
El Árbol Mágico,Tea Cups,
El Árbol Mágico,Templo del Fuego,
El Árbol Mágico,Tomahawk,
El Árbol Mágico,Tutuki Splash,
El Árbol Mágico,ULUM: El despertar jurásico,
El Árbol Mágico,Uncharted,
El Árbol Mágico,VolPaiute,
El Árbol Mágico,Waikiki,
El Árbol Mágico,Wild Buffalos,
El Árbol Mágico,Yucatán,
Estació del Nord,Furius Baco,
Estació del Nord,Grand Canyon Rapids,
Estació del Nord,Hurakan Condor,
Estació del Nord,Kiddie Balloons,
Estació del Nord,Kiddie Dragons,
Estació del Nord,Kiddie Kities,
Estació del Nord,Kontiki,
Estació del Nord,La Granja de Elmo,
Estació del Nord,Laberinto Blacksmith,
Estació del Nord,Los Potrillos,
Estació del Nord,Magic Fish,
Estació del Nord,Makamanu Summit,
Estació del Nord,Makamanu Trail,
Estació del Nord,Mariposas Saltarinas,
Estació del Nord,Penitence Station,
Estació del Nord,Serpiente Emplumada,
Estació del Nord,Shambhala,
Estació del Nord,Silver River Flume,
Estació del Nord,Stampida,
Estació del Nord,Street Mission,
Estació del Nord,SésamoAventura Station,
Estació del Nord,Tami - Tami,
Estació del Nord,Tea Cups,
Estació del Nord,Templo del Fuego,
Estació del Nord,Tomahawk,
Estació del Nord,Tutuki Splash,
Estació del Nord,ULUM: El despertar jurásico,
Estació del Nord,Uncharted,
Estació del Nord,VolPaiute,
Estació del Nord,Waikiki,
Estació del Nord,Wild Buffalos,
Estació del Nord,Yucatán,
Furius Baco,Grand Canyon Rapids,
Furius Baco,Hurakan Condor,
Furius Baco,Kiddie Balloons,
Furius Baco,Kiddie Dragons,
Furius Baco,Kiddie Kities,
Furius Baco,Kontiki,
Furius Baco,La Granja de Elmo,
Furius Baco,Laberinto Blacksmith,
Furius Baco,Los Potrillos,
Furius Baco,Magic Fish,
Furius Baco,Makamanu Summit,
Furius Baco,Makamanu Trail,
Furius Baco,Mariposas Saltarinas,
Furius Baco,Penitence Station,
Furius Baco,Serpiente Emplumada,
Furius Baco,Shambhala,
Furius Baco,Silver River Flume,
Furius Baco,Stampida,
Furius Baco,Street Mission,
Furius Baco,SésamoAventura Station,
Furius Baco,Tami - Tami,
Furius Baco,Tea Cups,
Furius Baco,Templo del Fuego,
Furius Baco,Tomahawk,
Furius Baco,Tutuki Splash,
Furius Baco,ULUM: El despertar jurásico,
Furius Baco,Uncharted,
Furius Baco,VolPaiute,
Furius Baco,Waikiki,
Furius Baco,Wild Buffalos,
Furius Baco,Yucatán,
Grand Canyon Rapids,Hurakan Condor,
Grand Canyon Rapids,Kiddie Balloons,
Grand Canyon Rapids,Kiddie Dragons,
Grand Canyon Rapids,Kiddie Kities,
Grand Canyon Rapids,Kontiki,
Grand Canyon Rapids,La Granja de Elmo,
Grand Canyon Rapids,Laberinto Blacksmith,
Grand Canyon Rapids,Los Potrillos,
Grand Canyon Rapids,Magic Fish,
Grand Canyon Rapids,Makamanu Summit,
Grand Canyon Rapids,Makamanu Trail,
Grand Canyon Rapids,Mariposas Saltarinas,
Grand Canyon Rapids,Penitence Station,
Grand Canyon Rapids,Serpiente Emplumada,
Grand Canyon Rapids,Shambhala,
Grand Canyon Rapids,Silver River Flume,
Grand Canyon Rapids,Stampida,
Grand Canyon Rapids,Street Mission,
Grand Canyon Rapids,SésamoAventura Station,
Grand Canyon Rapids,Tami - Tami,
Grand Canyon Rapids,Tea Cups,
Grand Canyon Rapids,Templo del Fuego,
Grand Canyon Rapids,Tomahawk,
Grand Canyon Rapids,Tutuki Splash,
Grand Canyon Rapids,ULUM: El despertar jurásico,
Grand Canyon Rapids,Uncharted,
Grand Canyon Rapids,VolPaiute,
Grand Canyon Rapids,Waikiki,
Grand Canyon Rapids,Wild Buffalos,
Grand Canyon Rapids,Yucatán,
Hurakan Condor,Kiddie Balloons,
Hurakan Condor,Kiddie Dragons,
Hurakan Condor,Kiddie Kities,
Hurakan Condor,Kontiki,
Hurakan Condor,La Granja de Elmo,
Hurakan Condor,Laberinto Blacksmith,
Hurakan Condor,Los Potrillos,
Hurakan Condor,Magic Fish,
Hurakan Condor,Makamanu Summit,
Hurakan Condor,Makamanu Trail,
Hurakan Condor,Mariposas Saltarinas,
Hurakan Condor,Penitence Station,
Hurakan Condor,Serpiente Emplumada,
Hurakan Condor,Shambhala,
Hurakan Condor,Silver River Flume,
Hurakan Condor,Stampida,
Hurakan Condor,Street Mission,
Hurakan Condor,SésamoAventura Station,
Hurakan Condor,Tami - Tami,
Hurakan Condor,Tea Cups,
Hurakan Condor,Templo del Fuego,
Hurakan Condor,Tomahawk,
Hurakan Condor,Tutuki Splash,
Hurakan Condor,ULUM: El despertar jurásico,
Hurakan Condor,Uncharted,
Hurakan Condor,VolPaiute,
Hurakan Condor,Waikiki,
Hurakan Condor,Wild Buffalos,
Hurakan Condor,Yucatán,
Kiddie Balloons,Kiddie Dragons,
Kiddie Balloons,Kiddie Kities,
Kiddie Balloons,Kontiki,
Kiddie Balloons,La Granja de Elmo,
Kiddie Balloons,Laberinto Blacksmith,
Kiddie Balloons,Los Potrillos,
Kiddie Balloons,Magic Fish,
Kiddie Balloons,Makamanu Summit,
Kiddie Balloons,Makamanu Trail,
Kiddie Balloons,Mariposas Saltarinas,
Kiddie Balloons,Penitence Station,
Kiddie Balloons,Serpiente Emplumada,
Kiddie Balloons,Shambhala,
Kiddie Balloons,Silver River Flume,
Kiddie Balloons,Stampida,
Kiddie Balloons,Street Mission,
Kiddie Balloons,SésamoAventura Station,
Kiddie Balloons,Tami - Tami,
Kiddie Balloons,Tea Cups,
Kiddie Balloons,Templo del Fuego,
Kiddie Balloons,Tomahawk,
Kiddie Balloons,Tutuki Splash,
Kiddie Balloons,ULUM: El despertar jurásico,
Kiddie Balloons,Uncharted,
Kiddie Balloons,VolPaiute,
Kiddie Balloons,Waikiki,
Kiddie Balloons,Wild Buffalos,
Kiddie Balloons,Yucatán,
Kiddie Dragons,Kiddie Kities,
Kiddie Dragons,Kontiki,
Kiddie Dragons,La Granja de Elmo,
Kiddie Dragons,Laberinto Blacksmith,
Kiddie Dragons,Los Potrillos,
Kiddie Dragons,Magic Fish,
Kiddie Dragons,Makamanu Summit,
Kiddie Dragons,Makamanu Trail,
Kiddie Dragons,Mariposas Saltarinas,
Kiddie Dragons,Penitence Station,
Kiddie Dragons,Serpiente Emplumada,
Kiddie Dragons,Shambhala,
Kiddie Dragons,Silver River Flume,
Kiddie Dragons,Stampida,
Kiddie Dragons,Street Mission,
Kiddie Dragons,SésamoAventura Station,
Kiddie Dragons,Tami - Tami,
Kiddie Dragons,Tea Cups,
Kiddie Dragons,Templo del Fuego,
Kiddie Dragons,Tomahawk,
Kiddie Dragons,Tutuki Splash,
Kiddie Dragons,ULUM: El despertar jurásico,
Kiddie Dragons,Uncharted,
Kiddie Dragons,VolPaiute,
Kiddie Dragons,Waikiki,
Kiddie Dragons,Wild Buffalos,
Kiddie Dragons,Yucatán,
Kiddie Kities,Kontiki,
Kiddie Kities,La Granja de Elmo,
Kiddie Kities,Laberinto Blacksmith,
Kiddie Kities,Los Potrillos,
Kiddie Kities,Magic Fish,
Kiddie Kities,Makamanu Summit,
Kiddie Kities,Makamanu Trail,
Kiddie Kities,Mariposas Saltarinas,
Kiddie Kities,Penitence Station,
Kiddie Kities,Serpiente Emplumada,
Kiddie Kities,Shambhala,
Kiddie Kities,Silver River Flume,
Kiddie Kities,Stampida,
Kiddie Kities,Street Mission,
Kiddie Kities,SésamoAventura Station,
Kiddie Kities,Tami - Tami,
Kiddie Kities,Tea Cups,
Kiddie Kities,Templo del Fuego,
Kiddie Kities,Tomahawk,
Kiddie Kities,Tutuki Splash,
Kiddie Kities,ULUM: El despertar jurásico,
Kiddie Kities,Uncharted,
Kiddie Kities,VolPaiute,
Kiddie Kities,Waikiki,
Kiddie Kities,Wild Buffalos,
Kiddie Kities,Yucatán,
Kontiki,La Granja de Elmo,
Kontiki,Laberinto Blacksmith,
Kontiki,Los Potrillos,
Kontiki,Magic Fish,
Kontiki,Makamanu Summit,
Kontiki,Makamanu Trail,
Kontiki,Mariposas Saltarinas,
Kontiki,Penitence Station,
Kontiki,Serpiente Emplumada,
Kontiki,Shambhala,
Kontiki,Silver River Flume,
Kontiki,Stampida,
Kontiki,Street Mission,
Kontiki,SésamoAventura Station,
Kontiki,Tami - Tami,
Kontiki,Tea Cups,
Kontiki,Templo del Fuego,
Kontiki,Tomahawk,
Kontiki,Tutuki Splash,
Kontiki,ULUM: El despertar jurásico,
Kontiki,Uncharted,
Kontiki,VolPaiute,
Kontiki,Waikiki,
Kontiki,Wild Buffalos,
Kontiki,Yucatán,
La Granja de Elmo,Laberinto Blacksmith,
La Granja de Elmo,Los Potrillos,
La Granja de Elmo,Magic Fish,
La Granja de Elmo,Makamanu Summit,
La Granja de Elmo,Makamanu Trail,
La Granja de Elmo,Mariposas Saltarinas,
La Granja de Elmo,Penitence Station,
La Granja de Elmo,Serpiente Emplumada,
La Granja de Elmo,Shambhala,
La Granja de Elmo,Silver River Flume,
La Granja de Elmo,Stampida,
La Granja de Elmo,Street Mission,
La Granja de Elmo,SésamoAventura Station,
La Granja de Elmo,Tami - Tami,
La Granja de Elmo,Tea Cups,
La Granja de Elmo,Templo del Fuego,
La Granja de Elmo,Tomahawk,
La Granja de Elmo,Tutuki Splash,
La Granja de Elmo,ULUM: El despertar jurásico,
La Granja de Elmo,Uncharted,
La Granja de Elmo,VolPaiute,
La Granja de Elmo,Waikiki,
La Granja de Elmo,Wild Buffalos,
La Granja de Elmo,Yucatán,
Laberinto Blacksmith,Los Potrillos,
Laberinto Blacksmith,Magic Fish,
Laberinto Blacksmith,Makamanu Summit,
Laberinto Blacksmith,Makamanu Trail,
Laberinto Blacksmith,Mariposas Saltarinas,
Laberinto Blacksmith,Penitence Station,
Laberinto Blacksmith,Serpiente Emplumada,
Laberinto Blacksmith,Shambhala,
Laberinto Blacksmith,Silver River Flume,
Laberinto Blacksmith,Stampida,
Laberinto Blacksmith,Street Mission,
Laberinto Blacksmith,SésamoAventura Station,
Laberinto Blacksmith,Tami - Tami,
Laberinto Blacksmith,Tea Cups,
Laberinto Blacksmith,Templo del Fuego,
Laberinto Blacksmith,Tomahawk,
Laberinto Blacksmith,Tutuki Splash,
Laberinto Blacksmith,ULUM: El despertar jurásico,
Laberinto Blacksmith,Uncharted,
Laberinto Blacksmith,VolPaiute,
Laberinto Blacksmith,Waikiki,
Laberinto Blacksmith,Wild Buffalos,
Laberinto Blacksmith,Yucatán,
Los Potrillos,Magic Fish,
Los Potrillos,Makamanu Summit,
Los Potrillos,Makamanu Trail,
Los Potrillos,Mariposas Saltarinas,
Los Potrillos,Penitence Station,
Los Potrillos,Serpiente Emplumada,
Los Potrillos,Shambhala,
Los Potrillos,Silver River Flume,
Los Potrillos,Stampida,
Los Potrillos,Street Mission,
Los Potrillos,SésamoAventura Station,
Los Potrillos,Tami - Tami,
Los Potrillos,Tea Cups,
Los Potrillos,Templo del Fuego,
Los Potrillos,Tomahawk,
Los Potrillos,Tutuki Splash,
Los Potrillos,ULUM: El despertar jurásico,
Los Potrillos,Uncharted,
Los Potrillos,VolPaiute,
Los Potrillos,Waikiki,
Los Potrillos,Wild Buffalos,
Los Potrillos,Yucatán,
Magic Fish,Makamanu Summit,
Magic Fish,Makamanu Trail,
Magic Fish,Mariposas Saltarinas,
Magic Fish,Penitence Station,
Magic Fish,Serpiente Emplumada,
Magic Fish,Shambhala,
Magic Fish,Silver River Flume,
Magic Fish,Stampida,
Magic Fish,Street Mission,
Magic Fish,SésamoAventura Station,
Magic Fish,Tami - Tami,
Magic Fish,Tea Cups,
Magic Fish,Templo del Fuego,
Magic Fish,Tomahawk,
Magic Fish,Tutuki Splash,
Magic Fish,ULUM: El despertar jurásico,
Magic Fish,Uncharted,
Magic Fish,VolPaiute,
Magic Fish,Waikiki,
Magic Fish,Wild Buffalos,
Magic Fish,Yucatán,
Makamanu Summit,Makamanu Trail,
Makamanu Summit,Mariposas Saltarinas,
Makamanu Summit,Penitence Station,
Makamanu Summit,Serpiente Emplumada,
Makamanu Summit,Shambhala,
Makamanu Summit,Silver River Flume,
Makamanu Summit,Stampida,
Makamanu Summit,Street Mission,
Makamanu Summit,SésamoAventura Station,
Makamanu Summit,Tami - Tami,
Makamanu Summit,Tea Cups,
Makamanu Summit,Templo del Fuego,
Makamanu Summit,Tomahawk,
Makamanu Summit,Tutuki Splash,
Makamanu Summit,ULUM: El despertar jurásico,
Makamanu Summit,Uncharted,
Makamanu Summit,VolPaiute,
Makamanu Summit,Waikiki,
Makamanu Summit,Wild Buffalos,
Makamanu Summit,Yucatán,
Makamanu Trail,Mariposas Saltarinas,
Makamanu Trail,Penitence Station,
Makamanu Trail,Serpiente Emplumada,
Makamanu Trail,Shambhala,
Makamanu Trail,Silver River Flume,
Makamanu Trail,Stampida,
Makamanu Trail,Street Mission,
Makamanu Trail,SésamoAventura Station,
Makamanu Trail,Tami - Tami,
Makamanu Trail,Tea Cups,
Makamanu Trail,Templo del Fuego,
Makamanu Trail,Tomahawk,
Makamanu Trail,Tutuki Splash,
Makamanu Trail,ULUM: El despertar jurásico,
Makamanu Trail,Uncharted,
Makamanu Trail,VolPaiute,
Makamanu Trail,Waikiki,
Makamanu Trail,Wild Buffalos,
Makamanu Trail,Yucatán,
Mariposas Saltarinas,Penitence Station,
Mariposas Saltarinas,Serpiente Emplumada,
Mariposas Saltarinas,Shambhala,
Mariposas Saltarinas,Silver River Flume,
Mariposas Saltarinas,Stampida,
Mariposas Saltarinas,Street Mission,
Mariposas Saltarinas,SésamoAventura Station,
Mariposas Saltarinas,Tami - Tami,
Mariposas Saltarinas,Tea Cups,
Mariposas Saltarinas,Templo del Fuego,
Mariposas Saltarinas,Tomahawk,
Mariposas Saltarinas,Tutuki Splash,
Mariposas Saltarinas,ULUM: El despertar jurásico,
Mariposas Saltarinas,Uncharted,
Mariposas Saltarinas,VolPaiute,
Mariposas Saltarinas,Waikiki,
Mariposas Saltarinas,Wild Buffalos,
Mariposas Saltarinas,Yucatán,
Penitence Station,Serpiente Emplumada,
Penitence Station,Shambhala,
Penitence Station,Silver River Flume,
Penitence Station,Stampida,
Penitence Station,Street Mission,
Penitence Station,SésamoAventura Station,
Penitence Station,Tami - Tami,
Penitence Station,Tea Cups,
Penitence Station,Templo del Fuego,
Penitence Station,Tomahawk,
Penitence Station,Tutuki Splash,
Penitence Station,ULUM: El despertar jurásico,
Penitence Station,Uncharted,
Penitence Station,VolPaiute,
Penitence Station,Waikiki,
Penitence Station,Wild Buffalos,
Penitence Station,Yucatán,
Serpiente Emplumada,Shambhala,
Serpiente Emplumada,Silver River Flume,
Serpiente Emplumada,Stampida,
Serpiente Emplumada,Street Mission,
Serpiente Emplumada,SésamoAventura Station,
Serpiente Emplumada,Tami - Tami,
Serpiente Emplumada,Tea Cups,
Serpiente Emplumada,Templo del Fuego,
Serpiente Emplumada,Tomahawk,
Serpiente Emplumada,Tutuki Splash,
Serpiente Emplumada,ULUM: El despertar jurásico,
Serpiente Emplumada,Uncharted,
Serpiente Emplumada,VolPaiute,
Serpiente Emplumada,Waikiki,
Serpiente Emplumada,Wild Buffalos,
Serpiente Emplumada,Yucatán,
Shambhala,Silver River Flume,
Shambhala,Stampida,
Shambhala,Street Mission,
Shambhala,SésamoAventura Station,
Shambhala,Tami - Tami,
Shambhala,Tea Cups,
Shambhala,Templo del Fuego,
Shambhala,Tomahawk,
Shambhala,Tutuki Splash,
Shambhala,ULUM: El despertar jurásico,
Shambhala,Uncharted,
Shambhala,VolPaiute,
Shambhala,Waikiki,
Shambhala,Wild Buffalos,
Shambhala,Yucatán,
Silver River Flume,Stampida,
Silver River Flume,Street Mission,
Silver River Flume,SésamoAventura Station,
Silver River Flume,Tami - Tami,
Silver River Flume,Tea Cups,
Silver River Flume,Templo del Fuego,
Silver River Flume,Tomahawk,
Silver River Flume,Tutuki Splash,
Silver River Flume,ULUM: El despertar jurásico,
Silver River Flume,Uncharted,
Silver River Flume,VolPaiute,
Silver River Flume,Waikiki,
Silver River Flume,Wild Buffalos,
Silver River Flume,Yucatán,
Stampida,Street Mission,
Stampida,SésamoAventura Station,
Stampida,Tami - Tami,
Stampida,Tea Cups,
Stampida,Templo del Fuego,
Stampida,Tomahawk,
Stampida,Tutuki Splash,
Stampida,ULUM: El despertar jurásico,
Stampida,Uncharted,
Stampida,VolPaiute,
Stampida,Waikiki,
Stampida,Wild Buffalos,
Stampida,Yucatán,
Street Mission,SésamoAventura Station,
Street Mission,Tami - Tami,
Street Mission,Tea Cups,
Street Mission,Templo del Fuego,
Street Mission,Tomahawk,
Street Mission,Tutuki Splash,
Street Mission,ULUM: El despertar jurásico,
Street Mission,Uncharted,
Street Mission,VolPaiute,
Street Mission,Waikiki,
Street Mission,Wild Buffalos,
Street Mission,Yucatán,
SésamoAventura Station,Tami - Tami,
SésamoAventura Station,Tea Cups,
SésamoAventura Station,Templo del Fuego,
SésamoAventura Station,Tomahawk,
SésamoAventura Station,Tutuki Splash,
SésamoAventura Station,ULUM: El despertar jurásico,
SésamoAventura Station,Uncharted,
SésamoAventura Station,VolPaiute,
SésamoAventura Station,Waikiki,
SésamoAventura Station,Wild Buffalos,
SésamoAventura Station,Yucatán,
Tami - Tami,Tea Cups,
Tami - Tami,Templo del Fuego,
Tami - Tami,Tomahawk,
Tami - Tami,Tutuki Splash,
Tami - Tami,ULUM: El despertar jurásico,
Tami - Tami,Uncharted,
Tami - Tami,VolPaiute,
Tami - Tami,Waikiki,
Tami - Tami,Wild Buffalos,
Tami - Tami,Yucatán,
Tea Cups,Templo del Fuego,
Tea Cups,Tomahawk,
Tea Cups,Tutuki Splash,
Tea Cups,ULUM: El despertar jurásico,
Tea Cups,Uncharted,
Tea Cups,VolPaiute,
Tea Cups,Waikiki,
Tea Cups,Wild Buffalos,
Tea Cups,Yucatán,
Templo del Fuego,Tomahawk,
Templo del Fuego,Tutuki Splash,
Templo del Fuego,ULUM: El despertar jurásico,
Templo del Fuego,Uncharted,
Templo del Fuego,VolPaiute,
Templo del Fuego,Waikiki,
Templo del Fuego,Wild Buffalos,
Templo del Fuego,Yucatán,
Tomahawk,Tutuki Splash,
Tomahawk,ULUM: El despertar jurásico,
Tomahawk,Uncharted,
Tomahawk,VolPaiute,
Tomahawk,Waikiki,
Tomahawk,Wild Buffalos,
Tomahawk,Yucatán,
Tutuki Splash,ULUM: El despertar jurásico,
Tutuki Splash,Uncharted,
Tutuki Splash,VolPaiute,
Tutuki Splash,Waikiki,
Tutuki Splash,Wild Buffalos,
Tutuki Splash,Yucatán,
ULUM: El despertar jurásico,Uncharted,
ULUM: El despertar jurásico,VolPaiute,
ULUM: El despertar jurásico,Waikiki,
ULUM: El despertar jurásico,Wild Buffalos,
ULUM: El despertar jurásico,Yucatán,
Uncharted,VolPaiute,
Uncharted,Waikiki,
Uncharted,Wild Buffalos,
Uncharted,Yucatán,
VolPaiute,Waikiki,
VolPaiute,Wild Buffalos,
VolPaiute,Yucatán,
Waikiki,Wild Buffalos,
Waikiki,Yucatán,
Wild Buffalos,Yucatán,
